Date,Systematic Risk
2015-01-06,-0.011176631972302833
2015-01-07,0.030968253018884843
2015-01-08,0.015027780871661598
2015-01-09,0.007272111352177126
2015-01-13,-0.10987005543975611
2015-01-14,-0.1535396103999877
2015-01-15,0.08191856294411928
2015-01-16,0.022650317904717533
2015-01-21,0.07178130323108035
2015-01-22,0.05886679378677575
2015-01-23,0.0018057200612491796
2015-01-27,-0.09103178885572288
2015-01-28,-0.09879486956147314
2015-01-29,0.032032532752705324
2015-01-30,0.009860760318695044
2015-02-03,-0.005645128180263019
2015-02-04,-0.01319956746092776
2015-02-05,0.0005254852651072805
2015-02-06,0.01638811373425321
2015-02-10,0.01904797588236617
2015-02-11,-0.0038472522151158425
2015-02-12,0.061649813892803114
2015-02-13,0.05768582010703843
2015-02-18,-0.031028270205968853
2015-02-19,0.014913139125769484
2015-02-20,0.017048956987391742
2015-02-24,0.0029194968841166407
2015-02-25,-6.870102550965762e-05
2015-02-26,-0.0013671495079681133
2015-02-27,0.0419369195655376
2015-03-03,0.005651656793872001
2015-03-04,-0.018070396473801615
2015-03-05,0.015726917505293043
2015-03-06,-0.034702291014364194
2015-03-10,-0.018969400692392592
2015-03-11,-0.002104901237035076
2015-03-12,-0.0031492335660636326
2015-03-13,-0.03440084769909938
2015-03-17,-0.006399069168996403
2015-03-18,-0.05992617095746623
2015-03-19,0.010297285147845421
2015-03-20,0.0196801272095039
2015-03-24,-0.05895726847290239
2015-03-25,-0.04739845680819885
2015-03-26,0.007076901129211432
2015-03-27,-0.00624234404900343
2015-03-31,-0.036422464017954216
2015-04-01,0.013328472485779942
2015-04-02,0.011488762382055779
2015-04-07,-0.001958271740823735
2015-04-08,-0.02268782934752497
2015-04-09,0.012521861506217431
2015-04-10,-0.010824217030451725
2015-04-14,-0.020315672174936246
2015-04-15,0.033199873180532476
2015-04-16,0.013279539679574712
2015-04-17,-0.04685177913036735
2015-04-21,0.025000576164423444
2015-04-22,0.012707754532203538
2015-04-23,0.017361319905898683
2015-04-24,0.05183639956046151
2015-04-28,-0.011410473169373065
2015-04-29,-0.006014132696285855
2015-04-30,0.01182734940513655
2015-05-01,0.009943654412708742
2015-05-05,-0.03359899609139195
2015-05-06,-0.030104550601484203
2015-05-07,0.0377762967824084
2015-05-08,0.004210746870734448
2015-05-12,-0.000664327923281437
2015-05-13,-0.011322427928673362
2015-05-14,0.029242486565860905
2015-05-15,-0.006463428127717041
2015-05-19,-0.01406067329551071
2015-05-20,0.0131546947589369
2015-05-21,0.013777138932267004
2015-05-22,0.006134116278628545
2015-05-27,0.04257384524424228
2015-05-28,0.002378247519024064
2015-05-29,-0.004128756643357329
2015-06-02,0.0015073809787163116
2015-06-03,-0.0040496917179748924
2015-06-04,-0.011996997284111808
2015-06-05,0.0019199254007309656
2015-06-09,0.008645516931445732
2015-06-10,0.013130062144560504
2015-06-11,0.004912727157931573
2015-06-12,-0.024004155144296106
2015-06-16,0.053018600785314875
2015-06-17,0.002884082391872286
2015-06-18,0.02788859184095914
2015-06-19,-0.024860042905282556
2015-06-23,-0.011138096106287501
2015-06-24,-0.02339124586912328
2015-06-25,0.006093625491391513
2015-06-26,-0.01461777580045153
2015-06-30,0.021216156126374057
2015-07-01,-0.001813650883566643
2015-07-02,-0.006774038363264802
2015-07-07,-0.0144283845262518
2015-07-08,-0.011960234654711095
2015-07-09,-0.004656402148802287
2015-07-10,0.06684086335483572
2015-07-14,0.004691443123529654
2015-07-15,-0.011700204764990865
2015-07-16,0.01638383226634825
2015-07-17,0.04533629681804155
2015-07-21,-0.005363453136317928
2015-07-22,-0.03004677563869871
2015-07-23,-0.008736202345800224
2015-07-24,0.03778519799883349
2015-07-28,0.014808458719330541
2015-07-29,0.005207254162611015
2015-07-30,0.0031697174918293093
2015-07-31,-0.019656089089096978
2015-08-04,0.005973976116037511
2015-08-05,0.004784080372780812
2015-08-06,-0.024045635937339622
2015-08-07,0.04922610294376951
2015-08-11,-0.0016872311989872657
2015-08-12,-0.002305176906736247
2015-08-13,-0.013855222990031555
2015-08-14,0.011306041249688701
2015-08-18,-0.13900576926238145
2015-08-19,0.032410066636966356
2015-08-20,-0.01952408067273239
2015-08-21,-0.08720997343211795
2015-08-25,0.02006169154762465
2015-08-26,0.11787585670905938
2015-08-27,0.06015785454592639
2015-08-28,0.02826574283860141
2015-09-01,-0.08068256202812463
2015-09-02,0.05727793066469393
2015-09-03,-0.013399128665912115
2015-09-04,-0.0214145453088494
2015-09-09,-0.04338961801825709
2015-09-10,0.027740792130888408
2015-09-11,0.012770011303879418
2015-09-15,0.021698697028785956
2015-09-16,0.014863138148243034
2015-09-17,0.008038666528142932
2015-09-18,-0.010380773703067815
2015-09-22,-0.023630664041350717
2015-09-23,-0.00273833791639734
2015-09-24,0.02330399089654568
2015-09-25,-0.0037544442975346913
2015-09-29,-0.008076925726996562
2015-09-30,0.04206705171259297
2015-10-01,0.0010715108436292165
2015-10-02,0.03654370673869804
2015-10-06,0.026850420602969032
2015-10-07,-0.003533616271731052
2015-10-08,0.0022934779614797803
2015-10-09,0.012817647124758372
2015-10-13,0.011541041280152556
2015-10-14,0.014745906861582378
2015-10-15,0.02856624990648028
2015-10-16,0.03890236557335226
2015-10-20,0.005137197279679578
2015-10-21,-0.025567641114464416
2015-10-22,0.05535826009111025
2015-10-23,0.07251234143094268
2015-10-27,0.013854201714382418
2015-10-28,0.054699643481604734
2015-10-29,0.010718774894113573
2015-10-30,0.03331740564015057
2015-11-03,0.08317268078812556
2015-11-04,0.009324723512417522
2015-11-05,-0.04459963333981119
2015-11-06,0.041114340532501154
2015-11-10,-0.09715304526982656
2015-11-11,-0.05561441579860879
2015-11-12,0.039090744472123296
2015-11-13,-0.04332502422648569
2015-11-17,-0.002227498855065289
2015-11-18,0.039017026720185366
2015-11-19,-0.014081216289639951
2015-11-20,0.006581172469099645
2015-11-24,-0.0012628757704375658
2015-11-25,0.013928797585626167
2015-12-01,0.005317426202636109
2015-12-02,-0.024283787250701606
2015-12-03,-0.009710516255962422
2015-12-04,0.044840069074812035
2015-12-08,0.041478515839841135
2015-12-09,-0.030388194391723626
2015-12-10,-7.186245048493477e-05
2015-12-11,0.016100950240807016
2015-12-15,0.03838754257115841
2015-12-16,0.002211997034416827
2015-12-17,-0.02286202396907852
2015-12-18,-0.021890888852613234
2015-12-22,0.008459845376087283
2015-12-23,0.02451304646433799
2015-12-24,0.019200424948256998
2015-12-29,0.04953071166737483
2015-12-30,-0.027983454966556534
2015-12-31,-0.018142679684744024
2016-01-05,-0.0029124838921233717
2016-01-06,-0.04566821737853282
2016-01-07,-0.01962814509335459
2016-01-08,-0.021672754408771356
2016-01-12,-0.004859334198486533
2016-01-13,-0.062283561491845385
2016-01-14,0.015734472075785235
2016-01-15,-0.1858382872197721
2016-01-20,0.05751121359490998
2016-01-21,0.007694727998429755
2016-01-22,0.018879304700075792
2016-01-26,0.018819865416701605
2016-01-27,-0.03460948220665403
2016-01-28,0.01538754323258338
2016-01-29,0.029665376610925945
2016-02-02,-0.051032967417597254
2016-02-03,-0.014009038874191629
2016-02-04,0.030081023645227127
2016-02-05,-0.086956452722797
2016-02-09,-0.004845545825923164
2016-02-10,0.013594925280583427
2016-02-11,-0.008453120555355752
2016-02-12,0.04389638580056933
2016-02-17,0.059536541672267275
2016-02-18,0.03236834753548239
2016-02-19,0.0024531784918618025
2016-02-23,-0.04625913097015114
2016-02-24,0.0185637215115514
2016-02-25,0.015573172060627992
2016-02-26,0.0020515830132862047
2016-03-01,0.06369256223469594
2016-03-02,-0.010716167733428173
2016-03-03,-0.01246840814282398
2016-03-04,-0.012045493867951198
2016-03-08,-0.01684099919739064
2016-03-09,0.019001945875222997
2016-03-10,2.285531639409312e-05
2016-03-11,0.03792244745491164
2016-03-15,0.003553642612393982
2016-03-16,0.03167439186448316
2016-03-17,0.0033214258466080305
2016-03-18,-0.0164956875995406
2016-03-22,0.01797761103419218
2016-03-23,0.001916880938556396
2016-03-24,0.002435837960008922
2016-03-29,0.015222135100476772
2016-03-30,0.011933885726868156
2016-03-31,-0.003655639805164235
2016-04-01,0.012149214957302474
2016-04-05,-0.010134634690860875
2016-04-06,0.025140101079630602
2016-04-07,-0.026234082156628712
2016-04-08,0.010552189250986478
2016-04-12,0.022563735205342206
2016-04-13,0.024196891075373827
2016-04-14,0.005086702675895202
2016-04-15,0.008150984356508855
2016-04-19,-0.0007082321607943059
2016-04-20,0.015154113970578774
2016-04-21,0.011704646050544493
2016-04-22,-0.04487643998514989
2016-04-26,-0.0029433441163407266
2016-04-27,-0.041307507285528275
2016-04-28,-0.027712720762346592
2016-04-29,0.023528361457196674
2016-05-03,-0.0104412490448493
2016-05-04,-0.018109436106628053
2016-05-05,0.0018138989053295266
2016-05-06,0.035103764578779784
2016-05-10,0.020885853059604886
2016-05-11,0.006303111463900275
2016-05-12,-0.0044068358514987365
2016-05-13,0.058083954394491155
2016-05-17,-0.015164932500066293
2016-05-18,0.018363529664054534
2016-05-19,-0.0280708516326646
2016-05-20,0.02237705310921593
2016-05-24,0.037955440579905554
2016-05-25,0.017920161398447806
2016-05-26,0.013242530249207553
2016-05-27,0.03647724090777266
2016-06-01,0.0021845939548427932
2016-06-02,0.0037863114050642093
2016-06-03,0.02258624359471787
2016-06-07,-0.00721635857831593
2016-06-08,0.01240491016406869
2016-06-09,0.0015240461742507146
2016-06-10,-0.024375450668537007
2016-06-14,-0.018028383839525937
2016-06-15,0.007879451760533967
2016-06-16,0.06586200018046581
2016-06-17,-0.03708035790537223
2016-06-21,-0.06230661197342478
2016-06-22,-0.07853196594434372
2016-06-23,0.06050466459551933
2016-06-24,-0.035468012045599656
2016-06-28,0.02595631935643833
2016-06-29,0.021863240332966306
2016-06-30,0.04506790003649399
2016-07-01,0.009051440804963803
2016-07-06,0.02105074233435736
2016-07-07,-0.03300309600903808
2016-07-08,0.06242871529291593
2016-07-12,0.035949878315555454
2016-07-13,-0.020211331881926503
2016-07-14,0.020164138446583435
2016-07-15,-0.0019998763136032144
2016-07-19,-0.00018153509926427993
2016-07-20,0.017538078358235794
2016-07-21,-0.013597589934711633
2016-07-22,4.7512703524299406e-05
2016-07-26,0.0018464375788305443
2016-07-27,0.009162480832382247
2016-07-28,0.009927700253324007
2016-07-29,0.02418345145801253
2016-08-02,-0.08377632991108304
2016-08-03,0.03155027359345234
2016-08-04,0.03180168789831576
2016-08-05,0.01618592634938271
2016-08-09,-0.00035530259965188435
2016-08-10,-0.004456238393561217
2016-08-11,0.014970058581479801
2016-08-12,0.025671172790753708
2016-08-16,0.006209981557120569
2016-08-17,-0.013198913360545043
2016-08-18,0.012332215665776724
2016-08-19,0.0003328456275980064
2016-08-23,0.0062744939006371785
2016-08-24,-0.02073007288297585
2016-08-25,-0.004294906109299111
2016-08-26,0.008861680082385097
2016-08-30,-0.006662087503070133
2016-08-31,-0.012276422720330357
2016-09-01,0.00784481862573616
2016-09-02,0.009746003019086291
2016-09-07,-0.00016917889747453547
2016-09-08,0.01312934688584932
2016-09-09,-0.06193641991018857
2016-09-13,-0.01647824808791033
2016-09-14,0.009204353530185873
2016-09-15,0.035474635716272955
2016-09-16,-0.0018436512770782817
2016-09-20,-0.0021093558878106733
2016-09-21,0.01833989681923824
2016-09-22,0.015779150491066925
2016-09-23,-0.005934657283581834
2016-09-27,0.024125490871144965
2016-09-28,0.014979816456313215
2016-09-29,-0.00284264711992788
2016-09-30,0.02092761681980226
2016-10-04,-0.004888054609142963
2016-10-05,0.011249649329140575
2016-10-06,-0.0017909939435395803
2016-10-07,-0.002257601915781579
2016-10-12,-0.0009714164238786539
2016-10-13,-0.012566399974206577
2016-10-14,0.009898459920594894
2016-10-18,0.016058370032974258
2016-10-19,-0.004150446553677834
2016-10-20,-0.000291406963444016
2016-10-21,0.015687767387402962
2016-10-25,0.007385266434123889
2016-10-26,0.006548123412395913
2016-10-27,-0.006089280173098298
2016-10-28,-0.019965387660716087
2016-11-01,0.003286632060268893
2016-11-02,-0.011324260049734603
2016-11-03,-0.062434956295687204
2016-11-04,-0.00023218464140724017
2016-11-08,0.012597093000881682
2016-11-09,-0.0013453310483743275
2016-11-10,-0.05642867116149649
2016-11-15,0.05513849121473767
2016-11-16,0.07012450810406515
2016-11-17,0.01150115049343916
2016-11-18,0.011832966824929458
2016-11-22,0.019554638183830624
2016-11-23,-0.012481660303779016
2016-11-29,-0.008776192120165187
2016-11-30,0.001929810499399882
2016-12-01,-0.022925376949918534
2016-12-02,0.024609015434492135
2016-12-06,0.012619645877774706
2016-12-07,0.02624426482197699
2016-12-08,-0.0008860282293368972
2016-12-09,0.00946649090369797
2016-12-13,0.025137129302701754
2016-12-14,0.017443867500995438
2016-12-15,0.005126598117580157
2016-12-16,0.012616599662945083
2016-12-20,0.026885822022587543
2016-12-21,0.029626092050994084
2016-12-22,0.026548120932217235
2016-12-23,0.051680635738755795
2016-12-28,-0.007896826783735836
2016-12-29,0.003343992294009653
2016-12-30,-0.04372795140203684
2017-01-04,0.08210426790636692
2017-01-05,-0.08692144387374887
2017-01-06,-0.056254570206235505
2017-01-10,-0.003660032571643789
2017-01-11,-0.09904821173871405
2017-01-12,0.018759367364844043
2017-01-13,0.016123514423627902
2017-01-18,-0.011584615200179282
2017-01-19,0.01738712340647242
2017-01-20,-0.0012220223528133121
2017-01-24,-0.0036028974422337603
2017-01-25,0.021088602747829074
2017-01-26,0.025236743792556776
2017-01-27,0.009867892158257622
2017-01-31,0.02665451914297461
2017-02-01,0.04752451632189829
2017-02-02,0.021903699483789663
2017-02-03,0.0033390472525049635
2017-02-07,0.02507873420014904
2017-02-08,0.002980337356812714
2017-02-09,-0.045468959892817164
2017-02-10,-0.00913360802092021
2017-02-14,0.017126677314263625
2017-02-15,0.005799659450892081
2017-02-16,0.007847530178377584
2017-02-17,0.015032006849195452
2017-02-22,-0.0003052448339949701
2017-02-23,-0.01497253368743917
2017-02-24,0.004334545251925512
2017-02-28,-0.01745577100679623
2017-03-01,0.04717000390705462
2017-03-02,-0.015418561078301729
2017-03-03,0.014659826850672594
2017-03-07,-0.020480654734698657
2017-03-08,-0.04733261948719379
2017-03-09,0.019815584519147694
2017-03-10,-0.03841389309561875
2017-03-14,-0.0007657392058462618
2017-03-15,0.018752335081501047
2017-03-16,-0.028344811712546603
2017-03-17,-0.04172499577938715
2017-03-21,0.005042764158614137
2017-03-22,-0.0246714527382404
2017-03-23,-0.01710757491914657
2017-03-24,-0.06854439559291413
2017-03-28,0.01129994926777082
2017-03-29,0.007530180929245582
2017-03-30,0.0042456777916884065
2017-03-31,0.03031787881490046
2017-04-04,-0.03140301678461434
2017-04-05,-0.011048716106464497
2017-04-06,0.03459228553633298
2017-04-07,-0.006567550562778747
2017-04-11,0.007634539395058606
2017-04-12,-0.0101604374405316
2017-04-13,-0.03389759822490483
2017-04-18,0.007658202466216148
2017-04-19,-0.008016593960050632
2017-04-20,0.02562041766751107
2017-04-21,-0.002540724937789207
2017-04-25,0.024205187084890386
2017-04-26,0.0039074017775808795
2017-04-27,0.029689003575421476
2017-04-28,0.006003084902870254
2017-05-02,-0.0011055125332959834
2017-05-03,0.020173439455067232
2017-05-04,0.010872311495392898
2017-05-05,0.013298697971156296
2017-05-09,0.013664227489643051
2017-05-10,0.09160471466416263
2017-05-11,0.042374675175618985
2017-05-12,-0.03503181668463723
2017-05-16,0.015032869011075936
2017-05-17,-0.02266337451418991
2017-05-18,0.04936905189467601
2017-05-19,0.05141262416812078
2017-05-23,0.04274888846615572
2017-05-24,0.04413187208950973
2017-05-25,-0.03518990497222165
2017-05-26,-0.013979187047678584
2017-05-31,0.021207098990680576
2017-06-01,0.03873113783999021
2017-06-02,0.03307826492294957
2017-06-06,0.04013805549816635
2017-06-07,-0.02911779709292801
2017-06-08,0.04878936242860363
2017-06-09,-0.06042391373492208
2017-06-13,0.03306141043792961
2017-06-14,-0.06523320363385687
2017-06-15,-0.01915695305491621
2017-06-16,0.01658111663704626
2017-06-20,0.019932728540083156
2017-06-21,0.004549496884369701
2017-06-22,0.0002947253484505056
2017-06-23,0.005206452191514969
2017-06-27,-0.0157836479810332
2017-06-28,0.03852897812532165
2017-06-29,-0.04513570724581843
2017-06-30,-0.020850041590117586
2017-07-06,-0.004530347446955018
2017-07-07,-0.0027807931885675085
2017-07-11,-0.00054669590338958
2017-07-12,0.051462619054355487
2017-07-13,-0.010416000481565046
2017-07-14,-0.013464693701428387
2017-07-18,0.04049214501684418
2017-07-19,-0.006804117417411855
2017-07-20,0.15057240201092764
2017-07-21,-0.04042740446025559
2017-07-25,-0.04607358704498861
2017-07-26,-0.0010516672413328613
2017-07-27,0.008808679411209965
2017-07-28,0.035305203022821294
2017-08-01,-0.030406049409359658
2017-08-02,0.009593162298041503
2017-08-03,0.019216133793725117
2017-08-04,0.030383902722137285
2017-08-08,0.003802687919241687
2017-08-09,-0.01219807497844855
2017-08-10,-0.04183061968063104
2017-08-11,0.039516727929299306
2017-08-15,-0.024461781862524894
2017-08-16,0.02435430261565085
2017-08-17,-0.03828114189127175
2017-08-18,-0.024213619551844895
2017-08-22,0.04638060202906135
2017-08-23,0.015906597445057107
2017-08-24,0.01946518183465152
2017-08-25,0.0010420545276002128
2017-08-29,0.03589667216713925
2017-08-30,0.010305567843776285
2017-08-31,0.04637432971589866
2017-09-01,0.02544089225031856
2017-09-06,0.03478349889453652
2017-09-07,0.010271095161679617
2017-09-08,-0.08144739466477006
2017-09-12,-0.0010256317855364642
2017-09-13,-0.030444095339771465
2017-09-14,-0.14907066865270174
2017-09-15,0.12587900515228145
2017-09-19,-0.023372497694521824
2017-09-20,-0.006427260746411972
2017-09-21,-0.0715653673140372
2017-09-22,-0.009947138695389896
2017-09-26,0.0004568656276147762
2017-09-27,0.07647645656801297
2017-09-28,-0.004132182928013142
2017-09-29,0.014401960252243749
2017-10-03,-0.01284569782765143
2017-10-04,-0.010018372969906953
2017-10-05,0.03552842502296474
2017-10-06,0.008127774904703849
2017-10-10,0.012475610682705711
2017-10-11,0.020877315377880516
2017-10-12,0.08241134474224701
2017-10-13,0.039547436760557886
2017-10-17,-0.012769869971650841
2017-10-18,-0.005566960334561953
2017-10-19,0.0018824963542838447
2017-10-20,0.03729808158409869
2017-10-24,-0.03544971426765211
2017-10-25,0.011234153351128975
2017-10-26,0.025887774822699366
2017-10-27,0.07623588613349096
2017-10-31,0.04336134837344252
2017-11-01,0.03006511856981223
2017-11-02,0.03019523596083649
2017-11-03,0.03460540081296916
2017-11-07,0.01938280760203128
2017-11-08,0.028895626708740126
2017-11-09,-0.042817067061658436
2017-11-10,-0.03186725870163332
2017-11-14,0.0065584880082808945
2017-11-15,0.04510741743861444
2017-11-16,0.0632813777254447
2017-11-17,-0.02013285213416007
2017-11-21,0.012104157961445153
2017-11-22,0.021168833981336968
2017-11-28,0.009266212417239192
2017-11-29,-0.07016726341623156
2017-11-30,0.04433516923782166
2017-12-01,0.034766843112387674
2017-12-05,0.02227638235508982
2017-12-06,0.13041527682853743
2017-12-07,0.16467647633586374
2017-12-08,-0.04341847103366046
2017-12-12,0.005633382694702452
2017-12-13,-0.05242272544797562
2017-12-14,0.009234468409623282
2017-12-15,0.07330353097402101
2017-12-19,-0.05903810841425627
2017-12-20,-0.046723984187668356
2017-12-21,-0.035734665419372785
2017-12-22,-0.09275426793266567
2017-12-27,-0.01153918743258167
2017-12-28,-0.05230906373499225
2017-12-29,-0.014045928867247348
2018-01-03,0.05262226759272097
2018-01-04,0.027305383875108363
2018-01-05,0.09235755340139845
2018-01-09,-0.02186119709045979
2018-01-10,0.02056245590351214
2018-01-11,-0.06403998932420893
2018-01-12,0.0460411934333944
2018-01-17,0.002860861456434185
2018-01-18,0.01519943201770389
2018-01-19,0.019569529556014507
2018-01-23,0.02007614419101188
2018-01-24,0.02014995928015416
2018-01-25,-0.0016436024953119365
2018-01-26,0.02338057235523762
2018-01-30,-0.08965718949614598
2018-01-31,0.02476506981487624
2018-02-01,-0.09452174334804335
2018-02-02,-0.06764609215674497
2018-02-06,0.13564981532378492
2018-02-07,-0.03214565254503291
2018-02-08,-0.023483328139105523
2018-02-09,0.08530903566866624
2018-02-13,-0.00547367115391359
2018-02-14,0.11068585006229224
2018-02-15,0.07962656065095906
2018-02-16,-0.004162844911789883
2018-02-21,-0.058563733853829854
2018-02-22,-0.03784984855965334
2018-02-23,0.049075380592905435
2018-02-27,0.005403272039680007
2018-02-28,-0.038410988730987944
2018-03-01,-0.006929884058352073
2018-03-02,0.025247729591179574
2018-03-06,-0.03137708895899803
2018-03-07,-0.05322601586648892
2018-03-08,-0.03390583668870295
2018-03-09,0.033609714461714235
2018-03-13,-0.023811236389731802
2018-03-14,-0.07097945993298091
2018-03-15,0.0038963770527130417
2018-03-16,0.0028320923994532843
2018-03-20,0.04859353591181344
2018-03-21,-0.005404005403847162
2018-03-22,-0.0625113862524121
2018-03-23,-0.03519613548813627
2018-03-27,-0.11465334894104334
2018-03-28,-0.017430536936476008
2018-03-29,-0.027143498606997586
2018-04-03,0.05850943183670606
2018-04-04,-0.034437622836024306
2018-04-05,-0.0016761060639071367
2018-04-06,-0.06789053518725363
2018-04-10,0.06103638270837932
2018-04-11,0.0029533858291676315
2018-04-12,0.1168370717045835
2018-04-13,-0.009743487905909667
2018-04-17,0.03007876135465995
2018-04-18,0.02814915378133743
2018-04-19,-0.004538540894832296
2018-04-20,0.019576594667128976
2018-04-24,0.012250898340449368
2018-04-25,-0.07141660504217084
2018-04-26,0.07476787770663681
2018-04-27,-0.010848317496751626
2018-05-01,0.011295240344978984
2018-05-02,0.007754846425508428
2018-05-03,0.05278232893895965
2018-05-04,0.0342693433656091
2018-05-08,-0.011808558157054427
2018-05-09,0.03742104372967479
2018-05-10,-0.00045701344569263594
2018-05-11,-0.06047903512963174
2018-05-15,-0.048815314092156566
2018-05-16,-0.004477670828545868
2018-05-17,-0.025126526201261958
2018-05-18,0.004019381215196008
2018-05-22,-0.038163302061692966
2018-05-23,-0.021580799271036143
2018-05-24,-0.0008577577559326187
2018-05-25,-0.01156158073019866
2018-05-30,0.014273999810087895
2018-05-31,0.007785448080410653
2018-06-01,0.03277472290722823
2018-06-05,0.020959300205571504
2018-06-06,0.0023724261532777277
2018-06-07,-0.00798424947955214
2018-06-08,-0.007260637147268708
2018-06-12,-0.022859886289915362
2018-06-13,-0.02745831651440614
2018-06-14,0.05075010032955452
2018-06-15,-0.03736190088262003
2018-06-19,-0.011082443719223732
2018-06-20,0.014763664852771982
2018-06-21,-0.026461884735075266
2018-06-22,-0.07717347674844317
2018-06-26,0.0022122845396610573
2018-06-27,-0.015681285217387986
2018-06-28,-0.001999411680298262
2018-06-29,0.028699501301313674
2018-07-03,-0.03531227143640483
2018-07-06,0.02730182704870601
2018-07-10,-0.032814949321981424
2018-07-11,-0.013688928596313673
2018-07-12,0.01367022718451818
2018-07-13,0.005616210061799137
2018-07-17,0.0763366279997032
2018-07-18,-0.0008112071126387154
2018-07-19,0.00243996727325277
2018-07-20,-0.0061760817123738335
2018-07-24,0.07548373582094825
2018-07-25,0.008349004347403197
2018-07-26,-0.023983494832306565
2018-07-27,-0.004484716423647522
2018-07-31,-0.033008205813518696
2018-08-01,0.005753803075161434
2018-08-02,0.024100357332940178
2018-08-03,-0.009901293412052967
2018-08-07,-0.007624238886570058
2018-08-08,-0.04187674129779439
2018-08-09,0.027982461346614012
2018-08-10,-0.04964698896080883
2018-08-14,0.009603266517719857
2018-08-15,-0.01271142564498665
2018-08-16,0.004693835207893052
2018-08-17,0.006348844384524502
2018-08-21,0.029093196957754943
2018-08-22,0.013244116703414752
2018-08-23,0.024322411637345463
2018-08-24,0.03782193318304543
2018-08-28,0.01925884579181242
2018-08-29,0.02675984722313776
2018-08-30,-0.006420126026049316
2018-08-31,0.010083038138298417
2018-09-05,-0.08382870285011734
2018-09-06,-0.05092998745471478
2018-09-07,-0.013781094301636465
2018-09-11,0.02103092645163478
2018-09-12,-0.0076965677670094036
2018-09-13,0.0308544062935419
2018-09-14,0.0035169348510259405
2018-09-18,0.01709964210883337
2018-09-19,0.0035807110525430718
2018-09-20,0.016105021679861088
2018-09-21,0.006881591112701108
2018-09-25,-0.00030709233171326766
2018-09-26,-0.0027322464464388722
2018-09-27,0.035132528403369216
2018-09-28,0.021633161921643152
2018-10-02,-0.01199453331119293
2018-10-03,-0.0013596907173800813
2018-10-04,-0.03360887788786584
2018-10-05,-0.022684327771252337
2018-10-09,0.0047409666815176246
2018-10-10,-0.10780612810054371
2018-10-11,-0.07214443611761713
2018-10-12,0.06296245811677126
2018-10-16,0.05421985835300251
2018-10-17,-0.016107302851971594
2018-10-18,-0.04633854008870314
2018-10-19,-0.016095716261297605
2018-10-23,-0.032771265082131074
2018-10-24,-0.10465967201377896
2018-10-25,0.07236825802240167
2018-10-26,-0.0598487982946069
2018-10-30,0.0455758495810914
2018-10-31,0.051960134919139304
2018-11-01,0.032953247625936925
2018-11-02,-0.02764898773074445
2018-11-06,0.010859480125453756
2018-11-07,0.061137951577762764
2018-11-08,-0.032622915651663247
2018-11-09,-0.032246335851801304
2018-11-13,0.007413942411100135
2018-11-14,-0.0885664128999669
2018-11-15,0.023192562474613286
2018-11-16,-0.10508971728305887
2018-11-20,-0.08080739072102296
2018-11-21,0.022919749725013403
2018-11-27,0.009909992655537922
2018-11-28,0.13733733704073056
2018-11-29,-0.005303555985689523
2018-11-30,-0.018648871916742988
2018-12-04,-0.08079902089461506
2018-12-07,-0.09230279236527127
2018-12-11,-0.02123389402512872
2018-12-12,0.022214518723962556
2018-12-13,-0.02767655935606293
2018-12-14,-0.06296023810177698
2018-12-18,0.04327270782582167
2018-12-19,-0.039589423554907
2018-12-20,0.026576144635556836
2018-12-21,-0.10743349906627706
2018-12-27,-0.047341006319908285
2018-12-28,0.05832100950929663
2019-01-03,-0.10023296760326085
2019-01-04,0.09016634881580421
2019-01-08,0.008113072923475566
2019-01-09,0.02572351753640016
2019-01-10,-0.05445499571918631
2019-01-11,-0.00044418235151602885
2019-01-15,0.021882816914821183
2019-01-16,0.00851352379930365
2019-01-17,0.02102598003012026
2019-01-18,0.026806469003970778
2019-01-23,0.004748135590827639
2019-01-24,0.029549185132673447
2019-01-25,0.02720364461042679
2019-01-29,-0.04108507586093245
2019-01-30,0.07780601925781777
2019-01-31,0.027330269065582564
2019-02-01,-0.008402344089736466
2019-02-05,0.016653428538730176
2019-02-06,-0.012898309402469542
2019-02-07,-0.040732418172328644
2019-02-08,0.04950732122325418
2019-02-12,0.040343271127552774
2019-02-13,0.003403090526040539
2019-02-14,0.0014039115239465963
2019-02-15,0.012191902755746397
2019-02-20,0.015010160624370456
2019-02-21,-0.016773250897169523
2019-02-22,0.032078696942905355
2019-02-26,-0.006135282338390894
2019-02-27,-0.0005425755416845067
2019-02-28,-0.004150371353107995
2019-03-01,0.01880844926648259
2019-03-05,0.02366977112674648
2019-03-06,-0.020480710085952217
2019-03-07,-0.024456806536309952
2019-03-08,0.0005321606275226141
2019-03-12,0.014420708380867573
2019-03-13,0.0281609317966147
2019-03-14,-0.004101161843948526
2019-03-15,0.028782679015168487
2019-03-19,0.029101652542290284
2019-03-20,0.013211720030585775
2019-03-21,0.037785500256533426
2019-03-22,-0.05030730065356347
2019-03-26,0.013848317881736604
2019-03-27,0.007715197922818706
2019-03-28,-0.00025731331833382654
2019-03-29,0.020116031670000138
2019-04-02,0.1172376280600029
2019-04-03,0.032484196878812745
2019-04-04,-0.007459533757523286
2019-04-05,0.029111978048279235
2019-04-09,-0.024403621526137842
2019-04-10,0.030241574297588808
2019-04-11,-0.03921835540635195
2019-04-12,0.0054502810903365295
2019-04-16,0.0356420777584504
2019-04-17,0.0075565157690482025
2019-04-18,0.00837498913550765
2019-04-23,0.045414164652958625
2019-04-24,-0.01996470452599788
2019-04-25,-0.03632981883525856
2019-04-26,-0.007645217551037344
2019-04-30,-0.006412992150470822
2019-05-01,0.001414988956509346
2019-05-02,0.006886862280307326
2019-05-03,0.055739116790191605
2019-05-07,-0.03295142127983981
2019-05-08,0.01886550942120619
2019-05-09,0.0036083915849308363
2019-05-10,0.017350532526759353
2019-05-14,0.0359494082814138
2019-05-15,0.033495938281596006
2019-05-16,-0.008072899884982223
2019-05-17,-0.072585008097882
2019-05-21,0.01815541718744732
2019-05-22,-0.0402872157450431
2019-05-23,-0.025160250145208923
2019-05-24,0.0031511082742787413
2019-05-29,-0.02743500159137464
2019-05-30,-0.03288045708913092
2019-05-31,-0.021502090426647576
2019-06-04,0.01936852760637319
2019-06-05,0.009710766880268777
2019-06-06,0.022781102944944648
2019-06-07,0.056645501031626626
2019-06-11,0.0029622517167878647
2019-06-12,-0.006002116592414711
2019-06-13,0.024262168168949137
2019-06-14,0.02293011812125114
2019-06-18,0.029687934522579822
2019-06-19,0.016147769610211173
2019-06-20,0.03880075448590277
2019-06-21,0.03811964564625162
2019-06-25,0.016158948380382097
2019-06-26,0.10095691167899123
2019-06-27,-0.089550213234205
2019-06-28,0.0685355325380463
2019-07-02,0.003967826357494395
2019-07-03,0.08101342200665328
2019-07-09,0.02408516577590642
2019-07-10,0.006114179447906894
2019-07-11,-0.030360472836191484
2019-07-12,0.03571478695051943
2019-07-16,-0.10510270533913361
2019-07-17,0.01223648872294946
2019-07-18,0.06378991554463066
2019-07-19,-0.022584497980464475
2019-07-23,-0.008266039076205992
2019-07-24,0.001881824113781944
2019-07-25,-0.015400692436604167
2019-07-26,0.02538208859502836
2019-07-30,0.003216125934585796
2019-07-31,0.003808535845995036
2019-08-01,-0.008610667198044781
2019-08-02,-0.01577925499241244
2019-08-06,0.002248629396357782
2019-08-07,0.030218177391180285
2019-08-08,0.04708056823441625
2019-08-09,-0.025815842805323858
2019-08-13,0.019573078738498124
2019-08-14,-0.1151881168108754
2019-08-15,0.012915550633894555
2019-08-16,0.05568862469565131
2019-08-20,-0.026659938802627764
2019-08-21,-0.020464292289492314
2019-08-22,-0.005764435168979641
2019-08-23,-0.052059455957861524
2019-08-27,-0.023232870993373417
2019-08-28,-0.024524388071087245
2019-08-29,0.021004179624928343
2019-08-30,2.6205783854856868e-06
2019-09-04,0.03100141247469552
2019-09-05,0.0523755566532976
2019-09-06,-0.02086612325336377
2019-09-10,-0.010068509953320873
2019-09-11,0.015374010853042023
2019-09-12,0.022453571275133907
2019-09-13,-0.014552294506026747
2019-09-17,-0.0034156591679876777
2019-09-18,-0.004604061751419175
2019-09-19,0.0012692211232877846
2019-09-20,-0.030664594515661094
2019-09-24,-0.10748508049342219
2019-09-25,0.021078165604451818
2019-09-26,-0.039169540500287967
2019-09-27,-0.016784750312842687
2019-10-01,-0.005758642613479375
2019-10-02,-0.02493943044720647
2019-10-03,0.021459236115956164
2019-10-04,0.017993574113673742
2019-10-08,-0.03673637138427946
2019-10-09,0.05323890284734411
2019-10-10,0.015286110907836893
2019-10-11,0.002286504451520786
2019-10-15,0.023199169792514674
2019-10-16,-0.018246949317043293
2019-10-17,0.010282783252705914
2019-10-18,-0.03102718806216675
2019-10-22,-0.021205583866405305
2019-10-23,-0.036733503684204534
2019-10-24,0.012266463710114544
2019-10-25,0.11956188088879598
2019-10-29,-0.013552404510040885
2019-10-30,-0.010691481866691114
2019-10-31,-0.005534475763003439
2019-11-01,0.027842874334503484
2019-11-05,-0.00618656777201043
2019-11-06,-0.0070036347334436
2019-11-07,0.0026567546152621076
2019-11-08,-0.03131837265967246
2019-11-12,0.010116926290306071
2019-11-13,-0.0034769869189853354
2019-11-14,-0.003292975655302985
2019-11-15,-0.01729388393836697
2019-11-19,-0.024949810790496345
2019-11-20,-0.010198189186959082
2019-11-21,-0.03524481133166199
2019-11-22,-0.030806829285414415
2019-11-26,0.003813509296037562
2019-11-27,0.03857185855852022
2019-12-03,-0.010262762699237775
2019-12-04,0.01122597906243019
2019-12-05,0.01883806362206714
2019-12-06,0.031959790636125245
2019-12-10,-0.00755138193848155
2019-12-11,0.005847695252992756
2019-12-12,0.02534463585976733
2019-12-13,0.009815679555363261
2019-12-17,-0.01922906174850758
2019-12-18,0.061382199606438516
2019-12-19,0.01119457293862947
2019-12-20,0.008468830993315017
2019-12-24,-0.0034389848521661067
2019-12-27,-0.0007190768896816479
2019-12-31,-0.002079161808273216
2020-01-03,0.018802573329263144
2020-01-07,0.033786101809089156
2020-01-08,-0.004970864131579524
2020-01-09,0.0015461451056221058
2020-01-10,0.023049964190248316
2020-01-14,0.03521871304433221
2020-01-15,-0.004440567317917859
2020-01-16,0.015434379413754166
2020-01-17,0.02436529248374188
2020-01-22,-0.0058687710131075255
2020-01-23,-0.01688619725044921
2020-01-24,-0.01673618676346519
2020-01-28,0.06977751175486102
2020-01-29,0.0027588921712269326
2020-01-30,0.01993255751783931
2020-01-31,-0.0328966751653808
2020-02-04,0.022357750776549876
2020-02-05,0.043771809184861406
2020-02-06,0.030674298049581494
2020-02-07,-0.001717006262598444
2020-02-11,0.028656194647299064
2020-02-12,0.029372300768978326
2020-02-13,-0.015159131452274367
2020-02-14,0.041398544122791134
2020-02-19,0.004659495119301578
2020-02-20,-0.020297166222642046
2020-02-21,-0.047433956462917086
2020-02-25,-0.07601445104724174
2020-02-26,-0.02383914739315206
2020-02-27,-0.1070249511486071
2020-02-28,0.023880488751303185
2020-03-03,-0.06437959304666213
2020-03-04,0.07405530262344674
2020-03-05,-0.03820358523967463
2020-03-06,-0.04666822775148039
2020-03-10,0.11233924006664492
2020-03-11,-0.08610372331849145
2020-03-12,-0.49617935582767625
2020-03-13,0.2444532922379945
2020-03-17,0.1375579734887975
2020-03-18,-0.10047439298319344
2020-03-19,0.18110058812645982
2020-03-20,-0.08299062968666088
2020-03-24,0.19682252684834967
2020-03-25,-0.025285610375507018
2020-03-26,0.0763050452533547
2020-03-27,-0.08811062680211766
2020-03-31,-0.0062227023057375135
2020-04-01,-0.07247206170337675
2020-04-02,0.09326133411843376
2020-04-03,-0.02696154959824324
2020-04-07,-0.04356459525906837
2020-04-08,0.061807744841954476
2020-04-09,-0.019469512040181568
2020-04-14,0.06369959902603818
2020-04-15,-0.03483366315678271
2020-04-16,0.09141957942642998
2020-04-17,-0.014220718080149344
2020-04-22,0.13187991595492252
2020-04-23,0.05480094235658754
2020-04-24,0.04028151387453638
2020-04-28,-0.04019407740805014
2020-04-29,0.17436704054440724
2020-04-30,0.030976141337505845
2020-05-01,-0.03629449441671789
2020-05-05,0.051626081263753607
2020-05-06,0.029774732712043984
2020-05-07,0.06873413206540341
2020-05-08,0.025979477003848783
2020-05-12,-0.014087382913905891
2020-05-13,0.01667770061944843
2020-05-14,0.06917001799856605
2020-05-15,0.015851728228688848
2020-05-19,0.001977006798799462
2020-05-20,0.022019603932844835
2020-05-21,-0.05319575162890501
2020-05-22,0.01971087031724676
2020-05-27,0.011231432809436113
2020-05-28,0.02452458770003392
2020-05-29,0.033150193582684805
2020-06-02,-0.02997768474669002
2020-06-03,0.012176129918256244
2020-06-04,-0.0016737772027586371
2020-06-05,0.031326426178236624
2020-06-09,0.03473623469343859
2020-06-10,0.04593420003806071
2020-06-11,-0.13902633248444116
2020-06-12,0.025255425904179077
2020-06-16,0.03143560156232466
2020-06-17,0.006482794539252799
2020-06-18,-0.001533168352915816
2020-06-19,-0.006536841879632221
2020-06-23,0.010251237466546756
2020-06-24,-0.0652314004846636
2020-06-25,0.02383552524270958
2020-06-26,-0.06324644145605408
2020-06-30,0.032490765020993864
2020-07-01,0.02893486716167144
2020-07-02,0.008408634678853296
2020-07-07,-0.020204500725919654
2020-07-08,0.05253502086142513
2020-07-09,0.011054187847886743
2020-07-10,0.008599364794853783
2020-07-14,0.02311875480957317
2020-07-15,-0.011856412780117698
2020-07-16,-0.020629147083308434
2020-07-17,-0.0005368751690119204
2020-07-21,-0.0017152550495531313
2020-07-22,0.019089313874741737
2020-07-23,-0.05693618862626946
2020-07-24,-0.0018541162183002369
2020-07-28,-0.03314619896659271
2020-07-29,0.03973318877213897
2020-07-30,0.00839144331026712
2020-07-31,0.04346429432910496
2020-08-04,0.008634439359327587
2020-08-05,0.04475180450658837
2020-08-06,0.023237871779559504
2020-08-07,-0.035222192291526615
2020-08-11,-0.06656474593622784
2020-08-12,0.06858654420159857
2020-08-13,0.0156238493630807
2020-08-14,1.8933099725485895e-05
2020-08-18,0.004563129850571994
2020-08-19,-0.026684817548991713
2020-08-20,0.026109480390880437
2020-08-21,0.01279952643036377
2020-08-25,-0.011353901332055804
2020-08-26,0.03324364256787487
2020-08-27,-0.018370818659008904
2020-08-28,0.03708731203771624
2020-09-01,0.05353160128031361
2020-09-02,-0.0049406957812499494
2020-09-03,-0.18926758226600507
2020-09-04,-0.02145309034017153
2020-09-09,0.08155739757618545
2020-09-10,-0.04078067749614202
2020-09-11,-0.015044298401264347
2020-09-15,0.030335247164309957
2020-09-16,-0.023090902111661947
2020-09-17,-0.019798727983714327
2020-09-18,-0.03476846462314909
2020-09-22,0.043304679654931726
2020-09-23,-0.08207421182505285
2020-09-24,0.053547249589237365
2020-09-25,0.042705509827286506
2020-09-29,0.0035862962212285226
2020-09-30,0.019509398800217827
2020-10-01,0.003305768055895835
2020-10-02,-0.06042470780296354
2020-10-06,-0.03356726192605259
2020-10-07,0.03149516829896938
2020-10-08,0.021699455278127732
2020-10-09,0.03014843009218601
2020-10-13,-0.01006417853489515
2020-10-14,-0.012350040594731626
2020-10-15,-0.0065502539541822434
2020-10-16,-0.02312574059982956
2020-10-20,0.02634946164586559
2020-10-21,0.04158332974393773
2020-10-22,0.005191289176245951
2020-10-23,0.010512884220065515
2020-10-27,0.05779361443681747
2020-10-28,-0.11205452477030318
2020-10-29,0.04341902083545398
2020-10-30,-0.03917548836537754
2020-11-03,0.058717262461627694
2020-11-04,0.09986578142458626
2020-11-05,0.10650930622212051
2020-11-06,0.005131477353301811
2020-11-10,-0.051713074165949315
2020-11-11,0.0673989779387324
2020-11-12,0.01741357000143391
2020-11-13,0.0025571682760711146
2020-11-17,0.025740358337917962
2020-11-18,-0.006837899654793451
2020-11-19,0.007848671925194877
2020-11-20,0.007335518388585561
2020-11-24,0.0436694125637393
2020-11-25,0.006843012881582248
2020-12-01,-0.008514394572243364
2020-12-02,0.024912064119777373
2020-12-03,0.0010528733138414521
2020-12-04,-0.020130071248453927
2020-12-08,-0.03581319010292975
2020-12-09,-0.030334590429765197
2020-12-10,-0.00565177150213533
2020-12-11,-0.0029316663010552427
2020-12-15,0.026429958995984673
2020-12-16,0.07177341683098906
2020-12-17,0.050955622256249514
2020-12-18,-0.001247217034972391
2020-12-22,0.03002174742273735
2020-12-23,-0.02708018578622558
2020-12-24,0.01832936880613776
2020-12-29,0.006038689914787551
2020-12-30,0.032930821459901435
2020-12-31,0.0006731748637844304
2021-01-05,0.06801515502916666
2021-01-06,0.003547131968128554
2021-01-07,0.09977772053465704
2021-01-08,0.03487829527398747
2021-01-12,-0.03925035158869245
2021-01-13,0.07632718209213786
2021-01-14,0.008986065824996111
2021-01-15,-0.06546957327455336
2021-01-20,0.04920071723900343
2021-01-21,-0.06474477409115577
2021-01-22,0.042391135023101864
2021-01-26,0.0041670968764942785
2021-01-27,-0.08951697104505855
2021-01-28,0.07200701954138357
2021-01-29,-0.01275656047458059
2021-02-02,0.06327336419372206
2021-02-03,0.05208861719225788
2021-02-04,0.003881006289420721
2021-02-05,0.027582924904804098
2021-02-09,-0.003545523654356205
2021-02-10,-0.008598179052199112
2021-02-11,0.05700649237190705
2021-02-12,-0.007431043355016368
2021-02-17,0.02957291203761812
2021-02-18,-0.013131097903454547
2021-02-19,0.04091656155862965
2021-02-23,-0.07636826945307856
2021-02-24,0.02955362030412637
2021-02-25,-0.11290286704253133
2021-02-26,0.004908297907230996
2021-03-02,-0.049530809849632554
2021-03-03,-0.019053688253091852
2021-03-04,-0.04389124386343454
2021-03-05,0.03503876561800976
2021-03-09,0.10052990710388506
2021-03-10,0.009791134372636016
2021-03-11,0.06836174602717963
2021-03-12,-0.022686388226557924
2021-03-16,0.0236770551391233
2021-03-17,0.02768477487254855
2021-03-18,-0.08040392354866423
2021-03-19,0.01682370383076304
2021-03-23,-0.008760241118391921
2021-03-24,-0.045600469553318194
2021-03-25,-0.02943176808156752
2021-03-26,0.06874730925223196
2021-03-30,-0.0013184068321698684
2021-03-31,0.029233828260928664
2021-04-01,0.04866418615796866
2021-04-06,-0.014543185858258128
2021-04-07,-0.0007618628936162855
2021-04-08,0.0441596408800871
2021-04-09,0.01843970001193065
2021-04-13,0.0666861288760455
2021-04-14,-0.02436344859279621
2021-04-15,0.047759103438077946
2021-04-16,-0.023150032219799634
2021-04-20,-0.00840926504186306
2021-04-21,-0.02093062885537496
2021-04-22,-0.058485882104444664
2021-04-23,0.024170911185674698
2021-04-27,0.010459740883565738
2021-04-28,-0.0016806725721093833
2021-04-29,-0.008175171847155993
2021-04-30,0.02780624815030232
2021-05-04,-0.0847319815545393
2021-05-05,0.0495173098460014
2021-05-06,0.0017623845591946863
2021-05-07,0.026995921678649004
2021-05-11,0.008431335226962301
2021-05-12,-0.14487145121930478
2021-05-13,0.014531707551099742
2021-05-14,0.04920780184580359
2021-05-18,-0.029294075595007348
2021-05-19,-0.10191147793659613
2021-05-20,0.0960574061261986
2021-05-21,-0.055047557657289886
2021-05-25,-0.002522852864881905
2021-05-26,0.01973419623652879
2021-05-27,-0.02992046492413277
2021-05-28,-0.03043720463410351
2021-06-02,0.0350091650162862
2021-06-03,0.02146559473840087
2021-06-04,-0.004465628575371495
2021-06-08,0.0013198081776454864
2021-06-09,0.07475214099150332
2021-06-10,0.002160298899713247
2021-06-11,0.025751632513828705
2021-06-15,-0.006046484326878827
2021-06-16,-0.03457270749486668
2021-06-17,0.028064232695516163
2021-06-18,-0.050983631348887136
2021-06-22,0.039746750266156566
2021-06-23,0.027454718167491655
2021-06-24,0.02067984861067138
2021-06-25,-0.06943437849294126
2021-06-29,0.033603108100282615
2021-06-30,-0.015477035748264948
2021-07-01,-0.018019319562019374
2021-07-02,0.03681905322490436
2021-07-07,-0.00801301565943135
2021-07-08,-0.03546253073803796
2021-07-09,0.03117363855427713
2021-07-13,-0.010539406272177372
2021-07-14,-0.0015088226717930773
2021-07-15,-0.05541062824914419
2021-07-16,-0.03750467678455856
2021-07-20,-0.008008400341750776
2021-07-21,0.08167964710855694
2021-07-22,0.024874094987998488
2021-07-23,0.04383653660054928
2021-07-27,0.01687715256650088
2021-07-28,0.023631862371188538
2021-07-29,0.005909321360793585
2021-07-30,0.006532217061408422
2021-08-03,-0.0071032588238480725
2021-08-04,0.02899969158516999
2021-08-05,0.0369822349041724
2021-08-06,0.01860019611386144
2021-08-10,-0.02003515159482426
2021-08-11,-0.005208978048620166
2021-08-12,-0.0019736018879070393
2021-08-13,0.057886893271470764
2021-08-17,-0.04471731986011843
2021-08-18,-0.02692472611202719
2021-08-19,0.04759077843712288
2021-08-20,0.07175570663890281
2021-08-24,-0.020560083824946868
2021-08-25,0.026788528528180266
2021-08-26,-0.03808526126445163
2021-08-27,0.055940200226512735
2021-08-31,-0.005507118389172461
2021-09-01,0.027615861157860112
2021-09-02,0.005560653910522224
2021-09-03,0.020571613604582435
2021-09-08,-0.01766175380789625
2021-09-09,-0.010273919052242042
2021-09-10,-0.02962269065917591
2021-09-14,0.03186731062682934
2021-09-15,0.034569010614180294
2021-09-16,-0.008751722882805832
2021-09-17,-0.03388885327629854
2021-09-21,-0.030314994115108476
2021-09-22,0.07884233409305438
2021-09-23,0.0431093166477702
2021-09-24,-0.03554174137365799
2021-09-28,-0.07735703513823816
2021-09-29,0.0017395589548011888
2021-09-30,0.03124391731072454
2021-10-01,0.08145778871219451
2021-10-05,0.06906434916733996
2021-10-06,0.06390508526488724
2021-10-07,0.002815992066401363
2021-10-08,-0.0024869940861564923
2021-10-12,-0.026003067176833067
2021-10-13,0.02995789543539637
2021-10-14,0.03970715299769188
2021-10-15,0.06648377661419701
2021-10-19,0.03292568856712861
2021-10-20,0.011611670345538769
2021-10-21,-0.024326362239145034
2021-10-22,-0.03289631290066359
2021-10-26,0.013459810251038014
2021-10-27,-0.007081919602795991
2021-10-28,0.04635627285567139
2021-10-29,0.02949577136723153
2021-11-02,0.04234156949795178
2021-11-03,0.007576663588146734
2021-11-04,0.045388395660930614
2021-11-05,0.005847923861441615
2021-11-09,0.0017283231963652974
2021-11-10,-0.06633213754937257
2021-11-11,0.014873475639740492
2021-11-12,0.007959886210338038
2021-11-16,-0.030900175857307487
2021-11-17,-0.012097798315074536
2021-11-18,0.022628742974681273
2021-11-19,0.02895072477126135
2021-11-23,0.014283501783155959
2021-11-24,-0.00020067884741955996
2021-11-30,-0.0392591374133062
2021-12-01,-0.02665563710527466
2021-12-02,0.006824802853996275
2021-12-03,-0.0723827166964908
2021-12-07,0.0770657351187359
2021-12-08,-0.0027361486428115183
2021-12-09,-0.06953370139105403
2021-12-10,0.004256406351035771
2021-12-14,-0.01628571063377339
2021-12-15,0.0925560047106482
2021-12-16,-0.07675875839310148
2021-12-17,-0.04137996246410165
2021-12-21,0.08005665013031868
2021-12-22,0.020847983385480835
2021-12-23,0.03931804901155561
2021-12-28,-0.05344340594181408
2021-12-29,-0.021655470979073527
2021-12-30,-0.0009946610994371146
2021-12-31,-0.02794538655690546
2022-01-04,-0.03288352000826692
2022-01-05,-0.09879378490918693
2022-01-06,-0.0023913532286882165
2022-01-07,-0.04485565279384066
2022-01-11,0.04230692305274628
2022-01-12,0.031183360903729192
2022-01-13,-0.07727855982844269
2022-01-14,0.026774287179896116
2022-01-19,-0.035483234929555046
2022-01-20,-0.05307930089694169
2022-01-21,-0.12705752894968955
2022-01-25,-0.04072435027124947
2022-01-26,0.019311416687059622
2022-01-27,-0.011629751365717386
2022-01-28,0.07602262126406133
2022-02-01,0.014130954545109415
2022-02-02,0.004475795079346361
2022-02-03,-0.06813125147169835
2022-02-04,0.12624459810617658
2022-02-08,0.024020158958843747
2022-02-09,0.04649072513776775
2022-02-10,-0.052905904657996446
2022-02-11,-0.08150256684622594
2022-02-15,0.08408026207362868
2022-02-16,-0.0018467805685454686
2022-02-17,-0.1270869170274378
2022-02-18,-0.04049266961286565
2022-02-23,-0.06945788728892399
2022-02-24,0.0893344228917149
2022-02-25,0.03863177483857482
2022-03-01,-0.003712112541573418
2022-03-02,0.033860236131784946
2022-03-03,-0.05108801590224504
2022-03-04,-0.0792715643217372
2022-03-08,0.012609646687304974
2022-03-09,0.11012790597300426
2022-03-10,-0.04978919087932196
2022-03-11,-0.039216101467851365
2022-03-15,0.05737069821486756
2022-03-16,0.09425876353206974
2022-03-17,0.027225232613145616
2022-03-18,0.06973762176750027
2022-03-22,0.04090134506991566
2022-03-23,-0.01318929514145194
2022-03-24,0.07573734938352744
2022-03-25,0.004003255264300284
2022-03-29,0.022678435864070798
2022-03-30,-0.026895760394555115
2022-03-31,-0.06251626026009695
2022-04-01,0.0032802467519380996
2022-04-05,-0.06429350442378926
2022-04-06,-0.10515753532718898
2022-04-07,0.0006609732180659065
2022-04-08,-0.05514021974153208
2022-04-12,0.007447135564645293
2022-04-13,0.06175905568865674
2022-04-14,-0.06702935561297069
2022-04-19,0.036924151770576404
2022-04-20,-0.028182942482102902
2022-04-21,-0.06776509773897918
2022-04-22,-0.06830424081718263
2022-04-26,-0.10975409817901917
2022-04-27,0.011022815837383463
2022-04-28,0.09076632732152233
2022-04-29,-0.13082140635809866
2022-05-03,-0.014289402575093136
2022-05-04,0.0957194256112828
2022-05-05,-0.15663283987815957
2022-05-06,-0.019875113250819133
2022-05-10,0.041771588440313326
2022-05-11,-0.10061757285919662
2022-05-12,-0.01974767552148864
2022-05-13,0.09447614883042157
2022-05-17,0.06541036086760449
2022-05-18,-0.1410824802696959
2022-05-19,0.03399771851960387
2022-05-20,-0.03867225649999626
2022-05-24,-0.03863234035736201
2022-05-25,0.03314938100498991
2022-05-26,0.05026093558599574
2022-05-27,0.0528906860496055
2022-06-01,-0.04885650646141954
2022-06-02,0.07513510528505157
2022-06-03,-0.06706837903986947
2022-06-07,0.006127849476460506
2022-06-08,-0.03337501665610368
2022-06-09,-0.05450817920706641
2022-06-10,-0.1042635891521993
2022-06-14,-0.004765853540645933
2022-06-15,0.06321868866460718
2022-06-16,-0.13538095674711476
2022-06-17,0.016273901448807283
2022-06-22,-0.037485884674209345
2022-06-23,0.05277449084373643
2022-06-24,0.07781524943035112
2022-06-28,-0.0805445717862656
2022-06-29,-0.0116064598396197
2022-06-30,-0.05112919667105417
2022-07-01,-0.01727206927052243
2022-07-06,0.026772719285949327
2022-07-07,0.08778545254978912
2022-07-08,0.004999816262332228
2022-07-12,-0.05770930161335622
2022-07-13,0.027826311913097302
2022-07-14,0.021479693005391393
2022-07-15,0.04253428724018129
2022-07-19,0.09263291887411049
2022-07-20,0.032457975472677404
2022-07-21,0.008949183669165181
2022-07-22,-0.06330679764963829
2022-07-26,-0.05291646664893959
2022-07-27,0.1530741147461366
2022-07-28,0.04631147775902816
2022-07-29,0.05439193075466583
2022-08-02,-0.015069575335959512
2022-08-03,0.03597217585430464
2022-08-04,0.005278343430453426
2022-08-05,0.008245513896373666
2022-08-09,-0.04118333879355067
2022-08-10,0.08443700037444887
2022-08-11,-0.008608646837715636
2022-08-12,0.05290086161827067
2022-08-16,-0.013971161581492747
2022-08-17,-0.03622146759382401
2022-08-18,0.011947706598374706
2022-08-19,-0.11876106914184204
2022-08-23,0.011743945657343356
2022-08-24,-0.0006822018475932156
2022-08-25,0.0438438026247876
2022-08-26,-0.1418112126539502
2022-08-30,-0.04681893421118459
2022-08-31,-0.01784840421904109
2022-09-01,-0.03279311500337178
2022-09-02,-0.029351477004441153
2022-09-07,0.04016227217378543
2022-09-08,0.010998265251131864
2022-09-09,0.11265434618625843
2022-09-13,-0.18701216323064473
2022-09-14,0.008673814127254261
2022-09-15,-0.05559399700761876
2022-09-16,0.0009627063580976225
2022-09-20,-0.04327200769652356
2022-09-21,-0.03758603999671518
2022-09-22,0.005164582522912181
2022-09-23,-0.03720885957680805
2022-09-27,0.0033561889838719704
2022-09-28,0.05049018049188381
2022-09-29,-0.05059791108740939
2022-09-30,-0.03557126746461393
2022-10-04,0.09374938820985378
2022-10-05,-0.0026610873258993
2022-10-06,-0.016048306525883006
2022-10-07,-0.09506057982584042
2022-10-11,-0.023130153404723765
2022-10-12,-0.0017591053513794802
2022-10-13,0.0546438753216113
2022-10-14,-0.08220708449092902
2022-10-18,0.004873035227458551
2022-10-19,-0.008158469990964335
2022-10-20,0.00211202111635532
2022-10-21,0.04378961018202922
2022-10-25,0.06814221491223761
2022-10-26,-0.0502365896577875
2022-10-27,-0.03720389987271264
2022-10-28,0.05419976523336321
2022-11-01,-0.03265919060480505
2022-11-02,-0.06700955513506544
2022-11-03,-0.03337474173063481
2022-11-04,0.08892882342358151
2022-11-08,-0.06301545664892151
2022-11-09,-0.17076790172468945
2022-11-10,0.23491141366816182
2022-11-11,0.029211056026988824
2022-11-15,0.03619771695288029
2022-11-16,-0.0401281787501781
2022-11-17,-0.01853946449217912
2022-11-18,-0.013835823129598877
2022-11-22,0.055697824526508836
2022-11-23,0.03711108374113767
2022-11-29,-0.00820670918552642
2022-11-30,0.130829029523911
2022-12-01,-0.004275637157050794
2022-12-02,-0.011072806552614667
2022-12-06,-0.04827461829603643
2022-12-07,-0.019706647653786262
2022-12-08,0.05380846803354873
2022-12-09,-0.01962825417366839
2022-12-13,0.06064201582563979
2022-12-14,-0.014586026315859117
2022-12-15,-0.08559748798215226
2022-12-16,-0.05608567739395018
2022-12-20,0.02049876368181665
2022-12-21,0.030617414463999862
2022-12-22,-0.06578268004549824
2022-12-23,0.00891189891331159
2022-12-28,-0.031413148303200356
2022-12-29,0.05343111417081815
2022-12-30,7.20521883138089e-05
2023-01-04,0.0001270628395644229
2023-01-05,-0.04019654548035404
2023-01-06,0.05326944423914121
2023-01-10,0.032900773386916264
2023-01-11,0.06555384012702252
2023-01-12,0.0535212327044356
2023-01-13,0.06519775326558498
2023-01-18,-0.03695824246799681
2023-01-19,-0.007436833596783232
2023-01-20,0.12098326949482338
2023-01-24,-0.01718849900627973
2023-01-25,0.008955195656404912
2023-01-26,0.03592242320603275
2023-01-27,0.029296453065485173
2023-01-31,0.04201545663470753
2023-02-01,0.06317350781178181
2023-02-02,0.06996188165961817
2023-02-03,-0.05362581458604429
2023-02-07,0.07325860092299091
2023-02-08,-0.03976476804995848
2023-02-09,-0.05473138193833217
2023-02-10,-0.027312103841760107
2023-02-14,0.03564022564740578
2023-02-15,0.06730140661122688
2023-02-16,-0.05959160546507042
2023-02-17,-0.0033830418929099697
2023-02-22,-0.006713008751725082
2023-02-23,0.060149341997960334
2023-02-24,-0.05118039280295269
2023-02-28,-0.014159682467458965
2023-03-01,-0.007665394971619713
2023-03-02,0.02058386906988941
2023-03-03,0.010063010017335254
2023-03-07,-0.03056457676886743
2023-03-08,0.00447110360161739
2023-03-09,-0.07843850395890131
2023-03-10,-0.03296038604387507
2023-03-14,0.058719259524931254
2023-03-15,-0.001124604966878863
2023-03-16,0.08501038753721803
2023-03-17,0.06075679182383595
2023-03-21,0.04284799633848343
2023-03-22,-0.02889722263140644
2023-03-23,0.04846125953661335
2023-03-24,-0.02529859014452993
2023-03-28,-0.006450425002521228
2023-03-29,0.057611304101578206
2023-03-30,0.012666855764999546
2023-03-31,0.040353711236646966
2023-04-04,0.004614846440644389
2023-04-05,-0.024372378192582055
2023-04-06,0.02031115196981178
2023-04-11,-0.007368358641806172
2023-04-12,-0.01960527456966253
2023-04-13,0.03987124001199372
2023-04-14,0.0069053627551169845
2023-04-18,0.029588053031024724
2023-04-19,-0.02805606560252024
2023-04-20,-0.03435732563028388
2023-04-21,-0.01599777902808753
2023-04-25,-0.024790695848575496
2023-04-26,0.03372558843067426
2023-04-27,0.07109142968014967
2023-04-28,0.0027179257763032434
2023-05-02,-0.009288892371574847
2023-05-03,-0.008956150738630328
2023-05-04,-0.011153980286052564
2023-05-05,0.06562660287968053
2023-05-09,-0.012447827268426715
2023-05-10,0.029265344205400872
2023-05-11,-0.01004539883170951
2023-05-12,-0.015838887800394413
2023-05-16,0.012403149638786361
2023-05-17,0.0416837397150242
2023-05-18,0.025890562954133507
2023-05-19,-0.01002917952554673
2023-05-23,-0.012032404951159705
2023-05-24,-0.023096821296861258
2023-05-25,0.11414234108175692
2023-05-26,0.04555536932683975
2023-05-31,-0.04960558931316047
2023-06-01,0.03352400694403147
2023-06-02,0.020069745560868508
2023-06-06,0.034146583362755265
2023-06-07,-0.06820281935557107
2023-06-08,0.027022566401997013
2023-06-09,0.0004364996777297405
2023-06-13,0.02626019244258507
2023-06-14,0.0009800130366978295
2023-06-15,0.030841053488117588
2023-06-16,0.009011996546517189
2023-06-21,0.02176683806884282
2023-06-22,0.017790079164016242
2023-06-23,-0.0012969200639692654
2023-06-27,0.03404924975388009
2023-06-28,-0.011662473025129513
2023-06-29,0.0012045624276981884
2023-06-30,0.03758682905075052
2023-07-06,-0.021954296747322986
2023-07-07,0.01526223362714039
2023-07-11,0.01683060208406785
2023-07-12,0.028671542061626816
2023-07-13,0.07310189441274036
2023-07-14,-0.02818566806511229
2023-07-18,0.014853202345633122
2023-07-19,-0.003082336007941507
2023-07-20,-0.04523175022430156
2023-07-21,-0.009252570487661375
2023-07-25,0.02214343685829568
2023-07-26,0.0024416851739714495
2023-07-27,-0.004165922912652948
2023-07-28,0.037960945583954214
2023-08-01,-0.0005645316933183413
2023-08-02,-0.06553531389559078
2023-08-03,0.006044863393315544
2023-08-04,0.011359870672488665
2023-08-08,-0.0005942769154092201
2023-08-09,-0.03896531309234074
2023-08-10,-0.005506933401427857
2023-08-11,-0.019345281891673928
2023-08-15,-0.021804701500346024
2023-08-16,-0.029444643471293143
2023-08-17,-0.056898759149475966
2023-08-18,-0.02073652006757213
2023-08-22,-0.013794672624554739
2023-08-23,0.04202953148815154
2023-08-24,-0.033659806280478224
2023-08-25,-0.0029837227186285003
2023-08-29,0.08378189686693013
2023-08-30,0.003508506121300815
2023-08-31,-0.024287544273783795
2023-09-01,-0.005450325753847427
2023-09-06,-0.031062572244979717
2023-09-07,-0.00023008624882656786
2023-09-08,-0.006935729914590597
2023-09-12,0.00011684083805951676
2023-09-13,0.026411487184426857
2023-09-14,0.01981757473455038
2023-09-15,-0.03433340547355866
2023-09-19,0.0019523276128933032
2023-09-20,-0.04338873343074944
2023-09-21,-0.05407102680153779
2023-09-22,0.0054899899271762505
2023-09-26,-0.0342063928198148
2023-09-27,0.0170151686421111
2023-09-28,0.02589903461185533
2023-09-29,0.001794955264335461
2023-10-03,-0.040099174158741736
2023-10-04,0.024081514047117603
2023-10-05,-0.006523487243761195
2023-10-06,0.046444460346151885
2023-10-10,0.0009477050766329603
2023-10-11,0.00839450879496697
2023-10-12,-0.00482872206500583
2023-10-13,-0.01838678620480554
2023-10-17,-0.028402935853650335
2023-10-18,-0.03404954543782255
2023-10-19,0.009575176933986178
2023-10-20,-0.007716372747819079
2023-10-24,0.03221221035938731
2023-10-25,-0.04543759454907492
2023-10-26,-0.05678803662053902
2023-10-27,0.022850791091252987
2023-10-31,-0.0010144187923243626
2023-11-01,0.05629127206969465
2023-11-02,0.021090392773485785
2023-11-03,0.016236707122396492
2023-11-07,0.01745851994779932
2023-11-08,0.009754705097471629
2023-11-09,0.014328380310648333
2023-11-10,0.05265059486595365
2023-11-14,0.010414736819881932
2023-11-15,0.030801475211239094
2023-11-16,-0.02251197684338162
2023-11-17,0.009678903850923962
2023-11-21,-0.04181444888752343
2023-11-22,0.029936997253264937
2023-11-28,0.013407930594302089
2023-11-29,-0.0034702830223323016
2023-11-30,-0.023248020813766236
2023-12-01,0.013674548234864432
2023-12-05,0.0565493648590745
2023-12-06,-0.033416741583667864
2023-12-07,0.02735171991043501
2023-12-08,0.028548864620770574
2023-12-12,0.014304751066336868
2023-12-13,0.03832427390006331
2023-12-14,-0.0004382317318344482
2023-12-15,-0.0040461114352906315
2023-12-19,-0.004099046382883606
2023-12-20,0.0017482340956217453
2023-12-21,0.021944816987773057
2023-12-22,0.000828962426542554
2023-12-27,0.01048479787093023
2023-12-28,-0.01519450946582381
2023-12-29,-0.013533769946155672
2024-01-03,-0.03853511238104949
2024-01-04,0.006071359453555599
2024-01-05,0.012913445666336619
2024-01-09,0.007104627228586431
2024-01-10,0.029850291075484647
2024-01-11,0.004281541704035626
2024-01-12,-0.049242542166290794
2024-01-17,-0.01643112122215709
2024-01-18,0.007739611039771103
2024-01-19,0.04122036889913752
2024-01-23,0.013878513322765037
2024-01-24,0.022836163421850256
2024-01-25,0.01293237413033765
2024-01-26,0.02772532171768389
2024-01-30,-0.014205793260285413
2024-01-31,-0.06090072521758997
2024-02-01,0.033848445565498715
2024-02-02,0.050545099466005404
2024-02-06,0.0015122743741568974
2024-02-07,0.044750948121245554
2024-02-08,0.014596316180653261
2024-02-09,0.06347559593059121
2024-02-13,-0.023227345055929802
2024-02-14,0.044755551788265215
2024-02-15,-0.012392673017049376
2024-02-16,-0.004227832305930527
2024-02-21,-0.013674802720167044
2024-02-22,0.09027634421039583
2024-02-23,-0.012786512361039707
2024-02-27,0.033862876138338174
2024-02-28,0.04711557863463135
2024-02-29,0.007130770491688176
2024-03-01,0.036519046861925045
2024-03-05,-0.0670414026361407
2024-03-06,0.035996582658912056
2024-03-07,0.04571087747235891
2024-03-08,-0.015310274596327838
2024-03-12,0.042040129015837396
2024-03-13,0.014826061118378232
2024-03-14,-0.009919439642105106
2024-03-15,-0.03777136357524489
2024-03-19,-0.04433127025901851
2024-03-20,0.07851452526621765
2024-03-21,-0.029275917797089705
2024-03-22,0.0025598962812042564
2024-03-26,-0.016383468270350345
2024-03-27,-0.00810256198499004
2024-03-28,0.014339782533439184
2024-04-02,-0.0509536398831481
2024-04-03,0.007649277425643523
2024-04-04,-0.00543951382294599
2024-04-05,0.024744345791332147
2024-04-09,-0.028880805004361673
2024-04-10,0.018167183363736357
2024-04-11,0.03684781329422384
2024-04-12,-0.051232620016911416
2024-04-16,0.0059887449914833996
2024-04-17,-0.056891655424107616
2024-04-18,0.018831964110867544
2024-04-19,-0.06342777736089912
2024-04-23,0.028097278512027455
2024-04-24,-0.037963120371092375
2024-04-25,0.0049450051828910544
2024-04-26,0.06089664375398551
2024-04-30,-0.07416043865350193
2024-05-01,-0.04092473766429769
2024-05-02,0.047276657919714894
2024-05-03,0.08114028559493235
2024-05-07,-0.014028236145821717
2024-05-08,-0.014763094179842574
2024-05-09,0.020005639290583976
2024-05-10,-0.02521670722507617
2024-05-14,-0.004948848045873111
2024-05-15,0.07853226181271449
2024-05-16,-0.013565526603700301
2024-05-17,0.015338236028357271
2024-05-21,-0.0054847168117917525
2024-05-22,-0.019147876652270995
2024-05-23,0.012057692001721791
2024-05-24,0.02810741375920309
2024-05-29,-0.00694210789915996
2024-05-30,-0.03142689360664605
2024-05-31,-0.01521212866688378
2024-06-04,0.025210176445801893
2024-06-05,0.0445006667491042
2024-06-06,0.000766432433561658
2024-06-07,-0.01648225491838445
2024-06-11,-0.0013220782322253164
2024-06-12,0.04092102394424769
2024-06-13,-0.005367761252170146
2024-06-14,0.0011313072238760683
2024-06-18,-0.0040483339467640754
2024-06-21,-0.016929394403878393
2024-06-25,0.05737052738954556
2024-06-26,0.0069601615942851604
2024-06-27,0.011416063081391464
2024-06-28,-0.03535849145179419
2024-07-02,-0.0023671663960051874
2024-07-03,0.0027334239422759504
2024-07-09,0.022485324165234515
2024-07-10,0.024271152207367613
2024-07-11,-0.05858794241884741
2024-07-12,0.014481369842195408
2024-07-16,-0.011399549550557567
2024-07-17,-0.0625176213213352
2024-07-18,-0.009038307846289957
2024-07-19,0.006701062174628289
2024-07-23,-0.017348480507836113
2024-07-24,-0.07997341249521049
2024-07-25,-0.021323764608195534
2024-07-26,0.03319798987426404
2024-07-30,-0.04606878575838304
2024-07-31,0.060011819102263074
2024-08-01,-0.04095372006696327
2024-08-02,-0.09585448015126402
2024-08-06,0.04521951786099176
2024-08-07,-0.028938959883683297
2024-08-08,0.12820322403853765
2024-08-09,0.001897587831491855
2024-08-13,0.060677246181771026
2024-08-14,-0.019599266943275042
2024-08-15,0.03053512571144404
2024-08-16,0.021444764193234645
2024-08-20,-0.011882246389333209
2024-08-21,0.02445734520748734
2024-08-22,-0.04263051808688532
2024-08-23,0.07410592610466506
2024-08-27,-0.03874804637073929
2024-08-28,-0.028873560699707205
2024-08-29,-0.018071278633405487
2024-08-30,0.015629433140259674
2024-09-04,-0.013201270582797481
2024-09-05,-0.007343243911938428
2024-09-06,-0.0800253487530208
2024-09-10,0.019836154729829653
2024-09-11,0.05862745207755089
2024-09-12,0.03578448363258796
2024-09-13,0.033601516818685534
2024-09-17,0.029504308115551967
2024-09-18,0.006563625666790857
2024-09-19,0.06025808611736758
2024-09-20,-0.002697306768284497
2024-09-24,0.030798758883384666
2024-09-25,-0.009030823875349977
2024-09-26,0.020478094809197146
2024-09-27,-0.0077756749977871365
2024-10-01,-0.05560809307150993
2024-10-02,0.0019249862934404445
2024-10-03,0.018092426092217128
2024-10-04,0.03505587083162488
2024-10-08,0.02486367223722269
2024-10-09,-0.011618574315098969
2024-10-10,0.010236437243209048
2024-10-11,0.02837142294510152
2024-10-15,-0.016997531805960486
2024-10-16,0.01496498105668178
2024-10-17,0.0012674239935119942
2024-10-18,0.018453763505634692
2024-10-22,0.010179021644244042
2024-10-23,-0.04565839359917488
2024-10-24,0.021689395472708452
2024-10-25,0.0011485408122226472
2024-10-29,0.040793249299255395
2024-10-30,-0.000810644286295897
2024-10-31,-0.08044042006107437
2024-11-01,0.020214047222672175
2024-11-05,0.041029594760790634
2024-11-06,0.10583212713604262
2024-11-07,0.03417806895353327
2024-11-08,-0.009998556497917838
2024-11-12,0.011394459169939763
2024-11-13,0.019546839843166713
2024-11-14,-0.028255651207280935
2024-11-15,-0.02027152346636848
2024-11-19,0.0464935471265587
2024-11-20,0.0037460964358142085
2024-11-21,0.01476984650116669
2024-11-22,-0.010893134955785762
2024-11-26,0.014805874411422571
2024-11-27,0.016368333440123645
2024-12-03,0.01732078360803916
2024-12-04,0.04790606632371136
2024-12-05,-0.012516169973898653
2024-12-06,0.023899168736789878
2024-12-10,-0.005670903835910512
2024-12-11,0.07268313810471903
2024-12-12,-0.020142013804347565
2024-12-13,-0.0045531787694311245
2024-12-17,-0.006961928940582408
2024-12-18,-0.0878341175861052
2024-12-19,-0.006962991841945567
2024-12-20,0.02757470697632777
2024-12-24,0.04556461295588118
2024-12-27,-0.036989341731672114
2024-12-31,-0.013111937528843862
